,cell
0,AAACCTGAGATCCCAT-1
1,AAACCTGAGCACCGCT-1
2,AAACCTGGTAAGTGGC-1
3,AAACCTGGTCTGCAAT-1
4,AAACCTGTCTGGTTCC-1
5,AAACGGGAGCGATATA-1
6,AAACGGGCACGGACAA-1
7,AAACGGGCAGCTCGCA-1
8,AAACGGGTCCTGTACC-1
9,AAAGATGAGTTTGCGT-1
10,AAAGCAACACCGGAAA-1
11,AAAGCAACATGTAGTC-1
12,AAAGCAAGTCTTCTCG-1
13,AAAGCAAGTTTGTTTC-1
14,AAAGCAATCCGCTGTT-1
15,AAAGTAGAGAGTAATC-1
16,AAAGTAGGTTACGTCA-1
17,AAAGTAGGTTGCCTCT-1
18,AAAGTAGTCCAGTAGT-1
19,AAAGTAGTCTGCGGCA-1
20,AAATGCCAGATCCTGT-1
21,AAATGCCAGCGTCTAT-1
22,AAATGCCGTCTGCAAT-1
23,AAATGCCTCCTGTACC-1
24,AACACGTAGAACAATC-1
25,AACACGTAGAATAGGG-1
26,AACACGTAGTATGACA-1
27,AACACGTCAAAGGTGC-1
28,AACACGTCAGTCGATT-1
29,AACACGTCATCCGGGT-1
30,AACACGTGTGAGTGAC-1
31,AACACGTTCGGATGTT-1
32,AACACGTTCTGAGGGA-1
33,AACCATGCAATGCCAT-1
34,AACCATGGTTATGTGC-1
35,AACCATGTCTCTGAGA-1
36,AACCGCGCAATACGCT-1
37,AACCGCGGTTACTGAC-1
38,AACCGCGGTTTGACAC-1
39,AACCGCGTCACTTACT-1
40,AACCGCGTCCTTGCCA-1
41,AACCGCGTCGTTACGA-1
42,AACGTTGGTCACTTCC-1
43,AACGTTGGTCATACTG-1
44,AACGTTGGTCTCCACT-1
45,AACTCAGAGAATTGTG-1
46,AACTCAGCACTGTCGG-1
47,AACTCAGGTCACTTCC-1
48,AACTCAGGTTGATTGC-1
49,AACTCCCAGCACCGCT-1
50,AACTCCCCAACTGGCC-1
51,AACTCCCCAATGACCT-1
52,AACTCCCCATCAGTAC-1
53,AACTCCCTCATTTGGG-1
54,AACTCTTAGTACACCT-1
55,AACTCTTCATCCTTGC-1
56,AACTCTTGTTACGCGC-1
57,AACTGGTAGACAGGCT-1
58,AACTGGTAGGCTAGGT-1
59,AACTGGTGTATCTGCA-1
60,AACTGGTTCAGTCCCT-1
61,AACTTTCAGCTGTTCA-1
62,AACTTTCGTATCGCAT-1
63,AACTTTCGTCGCATAT-1
64,AACTTTCTCCTTTACA-1
65,AAGACCTAGCAGCCTC-1
66,AAGACCTAGCAGCGTA-1
67,AAGCCGCCAGATGGCA-1
68,AAGCCGCTCAACGCTA-1
69,AAGGAGCTCAGGCAAG-1
70,AAGGAGCTCCACGAAT-1
71,AAGGCAGAGACCGGAT-1
72,AAGGCAGAGGCATGGT-1
73,AAGGCAGCAATAGCGG-1
74,AAGGCAGGTAGCGCTC-1
75,AAGGCAGGTATAGTAG-1
76,AAGGCAGGTTGAGTTC-1
77,AAGGCAGTCGCAAACT-1
78,AAGGCAGTCTGTCTAT-1
79,AAGGTTCAGTTCGATC-1
80,AAGGTTCCATAGTAAG-1
81,AAGGTTCGTAAGTGGC-1
82,AAGGTTCGTACCAGTT-1
83,AAGGTTCGTACCATCA-1
84,AAGGTTCGTCTCTTAT-1
85,AAGTCTGAGTGCGTGA-1
86,AAGTCTGGTTGTGGCC-1
87,AAGTCTGTCTGCAAGT-1
88,AATCCAGAGCCGCCTA-1
89,AATCCAGTCCTGCTTG-1
90,AATCGGTAGGTGACCA-1
91,AATCGGTGTATCGCAT-1
92,AATCGGTTCATCGGAT-1
93,AATCGGTTCGTACCGG-1
94,ACACCAACAACACCCG-1
95,ACACCAAGTTACGTCA-1
96,ACACCAATCTGGAGCC-1
97,ACACCAATCTTTAGTC-1
98,ACACCCTAGTTAAGTG-1
99,ACACCCTCATCTGGTA-1
100,ACACCCTGTACAGTGG-1
101,ACACCCTTCAGTTAGC-1
102,ACACCGGTCACAATGC-1
103,ACACCGGTCCAAACAC-1
104,ACACCGGTCCCAAGTA-1
105,ACACTGAAGCCAGTTT-1
106,ACACTGACAAGCGCTC-1
107,ACACTGAGTATAGGTA-1
108,ACACTGAGTCGAATCT-1
109,ACACTGAGTGCTAGCC-1
110,ACACTGATCCAAAGTC-1
111,ACACTGATCGTGGGAA-1
112,ACAGCCGAGCCACCTG-1
113,ACAGCCGCAAACCCAT-1
114,ACAGCCGCATTTGCCC-1
115,ACAGCCGGTCGCGTGT-1
116,ACAGCCGTCAGTTTGG-1
117,ACAGCCGTCTGTTGAG-1
118,ACAGCTAAGGAACTGC-1
119,ACAGCTAAGTTGTCGT-1
120,ACAGCTACAGCTGTAT-1
121,ACAGCTAGTGACTCAT-1
122,ACAGCTATCTAGCACA-1
123,ACAGCTATCTCAAGTG-1
124,ACATACGAGTGGAGTC-1
125,ACATACGGTAGCTCCG-1
126,ACATACGGTCCAGTAT-1
127,ACATACGTCATCGGAT-1
128,ACATCAGCAGACGCAA-1
129,ACATCAGCAGGATCGA-1
130,ACATCAGTCACCTTAT-1
131,ACATGGTAGGAATTAC-1
132,ACATGGTCACGCTTTC-1
133,ACATGGTGTTCCACGG-1
134,ACCAGTACAAAGGTGC-1
135,ACCAGTACAACAACCT-1
136,ACCAGTAGTGATAAGT-1
137,ACCAGTATCTGCTTGC-1
138,ACCCACTCAGGGTATG-1
139,ACCCACTCAGTAAGAT-1
140,ACCCACTGTATAGGGC-1
141,ACCCACTGTTGCTCCT-1
142,ACCGTAAAGCAGACTG-1
143,ACCGTAACATACTCTT-1
144,ACCGTAAGTCGAATCT-1
145,ACCGTAAGTCTTCGTC-1
146,ACCGTAATCAGAAATG-1
147,ACCTTTAAGTGGGCTA-1
148,ACCTTTACAGCCTGTG-1
149,ACGAGCCAGACAGAGA-1
150,ACGAGCCAGCCAGTTT-1
151,ACGAGCCAGGGAAACA-1
152,ACGAGCCCATTAGGCT-1
153,ACGAGCCTCTATCCCG-1
154,ACGAGGACACCAGGTC-1
155,ACGAGGAGTAGGCTGA-1
156,ACGAGGAGTATAATGG-1
157,ACGAGGATCGCGCCAA-1
158,ACGATACAGGACAGCT-1
159,ACGATACAGTAGGTGC-1
160,ACGATACAGTCGTTTG-1
161,ACGATACGTGTGTGCC-1
162,ACGATACTCAGTGTTG-1
163,ACGATACTCGCCGTGA-1
164,ACGATACTCGGCGCAT-1
165,ACGATGTAGACCTAGG-1
166,ACGATGTCAATGTTGC-1
167,ACGATGTCAGTGAGTG-1
168,ACGATGTGTACACCGC-1
169,ACGCAGCAGGGATACC-1
170,ACGCAGCCAGAGTGTG-1
171,ACGCAGCGTCCGTGAC-1
172,ACGCAGCGTTGTTTGG-1
173,ACGCCAGCAATGACCT-1
174,ACGCCAGCACCACCAG-1
175,ACGCCAGGTCGAGTTT-1
176,ACGCCGACACAGGAGT-1
177,ACGCCGACACGCATCG-1
178,ACGCCGAGTTCGTTGA-1
179,ACGCCGAGTTTCCACC-1
180,ACGCCGATCCGCTGTT-1
181,ACGGAGAAGCGCTTAT-1
182,ACGGAGAAGCGGATCA-1
183,ACGGAGACAGTGGAGT-1
184,ACGGAGAGTAAGCACG-1
185,ACGGAGATCACAAACC-1
186,ACGGAGATCATGCATG-1
187,ACGGAGATCCACTCCA-1
188,ACGGCCAGTAAATACG-1
189,ACGGCCAGTCACAAGG-1
190,ACGGCCATCAAGAAGT-1
191,ACGGCCATCAATAAGG-1
192,ACGGCCATCGGACAAG-1
193,ACGGGCTAGCAATCTC-1
194,ACGGGCTAGTCTCCTC-1
195,ACGGGCTCACGGTGTC-1
196,ACGGGCTCAGCGAACA-1
197,ACGGGCTGTCCTCCAT-1
198,ACGGGCTGTCGCGTGT-1
199,ACGGGCTGTCTAAACC-1
200,ACGGGCTTCAGTTAGC-1
201,ACGGGCTTCAGTTTGG-1
202,ACGGGCTTCGAACGGA-1
203,ACGGGCTTCTTGTTTG-1
204,ACGGGTCAGTCCAGGA-1
205,ACGGGTCAGTGTCCAT-1
206,ACGGGTCCAAGTAGTA-1
207,ACGGGTCTCACATAGC-1
208,ACGGGTCTCCTCATTA-1
209,ACGGGTCTCGGAATCT-1
210,ACGTCAACAGGCAGTA-1
211,ACGTCAATCAGGATCT-1
212,ACTATCTAGTCGTACT-1
213,ACTATCTGTGTCGCTG-1
214,ACTATCTTCATTTGGG-1
215,ACTATCTTCGCCGTGA-1
216,ACTATCTTCGGTTAAC-1
217,ACTATCTTCTCTAGGA-1
218,ACTGAACAGACAGACC-1
219,ACTGAACAGAGAACAG-1
220,ACTGAACAGAGTGAGA-1
221,ACTGAACGTCTCTTTA-1
222,ACTGAACTCTCGTTTA-1
223,ACTGATGTCACGGTTA-1
224,ACTGCTCAGCGTTTAC-1
225,ACTGCTCGTTACAGAA-1
226,ACTGCTCTCAGTGTTG-1
227,ACTGTCCAGCCTCGTG-1
228,ACTGTCCCAAGGCTCC-1
229,ACTGTCCCAGCTCGAC-1
230,ACTGTCCGTCACTGGC-1
231,ACTGTCCGTCATGCCG-1
232,ACTTACTAGAACTGTA-1
233,ACTTACTCATCATCCC-1
234,ACTTACTTCTGTCAAG-1
235,ACTTGTTAGATTACCC-1
236,ACTTGTTCACGCTTTC-1
237,ACTTTCACACGCTTTC-1
238,AGAATAGCAAGGCTCC-1
239,AGAATAGCAAGGTTTC-1
240,AGAATAGGTATCAGTC-1
241,AGAATAGGTTCGAATC-1
242,AGACGTTCAACTGGCC-1
243,AGACGTTGTCCTCTTG-1
244,AGACGTTTCCGCGTTT-1
245,AGAGCGACATCATCCC-1
246,AGAGCGACATCCCACT-1
247,AGAGCGAGTAGGGACT-1
248,AGAGCGAGTTAGAACA-1
249,AGAGCGATCAGTCAGT-1
250,AGAGCGATCGACGGAA-1
251,AGAGCTTAGCAGGCTA-1
252,AGAGCTTAGCTGGAAC-1
253,AGAGCTTAGGGATACC-1
254,AGAGCTTAGTTGTCGT-1
255,AGAGCTTCAATGGAGC-1
256,AGAGCTTTCGCAAACT-1
257,AGAGTGGAGAATAGGG-1
258,AGAGTGGCATAGAAAC-1
259,AGAGTGGGTTAGTGGG-1
260,AGAGTGGTCCCACTTG-1
261,AGAGTGGTCGTATCAG-1
262,AGATTGCCAAAGGTGC-1
263,AGATTGCCAACGATGG-1
264,AGATTGCCAGATGGCA-1
265,AGATTGCCATCGGAAG-1
266,AGATTGCTCCGCGGTA-1
267,AGATTGCTCTCGCATC-1
268,AGATTGCTCTCTGCTG-1
269,AGATTGCTCTTACCTA-1
270,AGCAGCCCAGTCTTCC-1
271,AGCATACGTACTCAAC-1
272,AGCATACGTCAAGCGA-1
273,AGCCTAAAGACTTGAA-1
274,AGCCTAAAGGCTCTTA-1
275,AGCCTAACAGATCTGT-1
276,AGCCTAACATAGGATA-1
277,AGCCTAATCAGTTTGG-1
278,AGCGGTCAGGGTTTCT-1
279,AGCGGTCCACTTCTGC-1
280,AGCGGTCTCAATCACG-1
281,AGCGTATCACCAGCAC-1
282,AGCGTATCACGGATAG-1
283,AGCGTATCAGACGCTC-1
284,AGCGTATTCGTAGGAG-1
285,AGCGTATTCTATCCTA-1
286,AGCGTCGAGGGCTTCC-1
287,AGCGTCGCACCCTATC-1
288,AGCTCCTAGATAGTCA-1
289,AGCTCCTCACCCAGTG-1
290,AGCTCCTCACGAGAGT-1
291,AGCTCCTCACGGTAAG-1
292,AGCTCCTTCGTACGGC-1
293,AGCTCTCAGCTGAAAT-1
294,AGCTCTCTCGCATGGC-1
295,AGCTTGAGTCACACGC-1
296,AGCTTGAGTGTGACGA-1
297,AGCTTGATCCGTAGTA-1
298,AGCTTGATCGGTCTAA-1
299,AGGCCACAGGTGCAAC-1
300,AGGCCACGTGGGTATG-1
301,AGGCCACTCACTATTC-1
302,AGGCCACTCTCGCTTG-1
303,AGGCCGTAGACTGTAA-1
304,AGGCCGTAGTGAAGAG-1
305,AGGCCGTTCAACCAAC-1
306,AGGCCGTTCTCTTATG-1
307,AGGGAGTCAATCTACG-1
308,AGGGAGTCACAAGACG-1
309,AGGGAGTGTCAATGTC-1
310,AGGGAGTTCTTGACGA-1
311,AGGGATGCAGCTGGCT-1
312,AGGGTGACACTTAACG-1
313,AGGGTGAGTGTGAAAT-1
314,AGGGTGAGTTTGACAC-1
315,AGGTCATCAAAGAATC-1
316,AGGTCATCAATGGAAT-1
317,AGGTCATTCTCCTATA-1
318,AGGTCCGAGACTTGAA-1
319,AGGTCCGAGATGTAAC-1
320,AGGTCCGCAGGGTATG-1
321,AGGTCCGTCTTGAGAC-1
322,AGTAGTCAGGGTCTCC-1
323,AGTAGTCCACACAGAG-1
324,AGTAGTCCACACGCTG-1
325,AGTAGTCCATAAAGGT-1
326,AGTAGTCGTACGCTGC-1
327,AGTAGTCGTGAGCGAT-1
328,AGTAGTCTCCAAACAC-1
329,AGTAGTCTCCCGACTT-1
330,AGTCTTTAGTGAAGTT-1
331,AGTCTTTAGTGACTCT-1
332,AGTCTTTGTTCTGGTA-1
333,AGTCTTTTCATCGCTC-1
334,AGTGAGGCAAACGCGA-1
335,AGTGAGGCATCGTCGG-1
336,AGTGAGGGTCTTTCAT-1
337,AGTGAGGTCTTGTTTG-1
338,AGTGGGACACTTCTGC-1
339,AGTGGGAGTCAGAAGC-1
340,AGTGTCACAAGTCATC-1
341,AGTGTCACATTCTCAT-1
342,AGTGTCAGTGTCAATC-1
343,AGTGTCATCACGACTA-1
344,AGTGTCATCCTGCAGG-1
345,AGTTGGTAGGCAAAGA-1
346,AGTTGGTCAAGAGTCG-1
347,AGTTGGTTCAGGCAAG-1
348,ATAACGCAGTGTACGG-1
349,ATAACGCCAAGGACAC-1
350,ATAACGCTCTATCCTA-1
351,ATAAGAGCAACGCACC-1
352,ATAAGAGCATTCCTCG-1
353,ATAAGAGTCGAATGCT-1
354,ATAAGAGTCTGACCTC-1
355,ATAGACCCAGTCAGAG-1
356,ATAGACCCAGTGGAGT-1
357,ATAGACCTCAGCCTAA-1
358,ATCACGACAAGCTGGA-1
359,ATCACGATCATCGATG-1
360,ATCATCTCAACACCCG-1
361,ATCATCTCAATGGATA-1
362,ATCATCTCATAAAGGT-1
363,ATCATCTCATAGAAAC-1
364,ATCATCTCATGTTCCC-1
365,ATCATGGAGGCAAAGA-1
366,ATCATGGAGTGGCACA-1
367,ATCATGGCACATCCAA-1
368,ATCATGGGTCATTAGC-1
369,ATCATGGGTGCCTGCA-1
370,ATCCACCCATCACGTA-1
371,ATCCACCGTTAGTGGG-1
372,ATCCGAAAGCCGATTT-1
373,ATCCGAACAAGAAGAG-1
374,ATCCGAAGTGTAAGTA-1
375,ATCCGAATCACCTCGT-1
376,ATCCGAATCATGTGGT-1
377,ATCCGAATCCGGGTGT-1
378,ATCCGAATCTCGGACG-1
379,ATCGAGTAGCAGGCTA-1
380,ATCGAGTAGTACGTTC-1
381,ATCGAGTCAAGGGTCA-1
382,ATCGAGTCAGACGCCT-1
383,ATCTACTAGCTTATCG-1
384,ATCTACTGTGCACGAA-1
385,ATCTGCCCAGACAAAT-1
386,ATCTGCCCAGTCCTTC-1
387,ATCTGCCCATGCCCGA-1
388,ATCTGCCGTGCACTTA-1
389,ATGAGGGAGGTCATCT-1
390,ATGAGGGAGTGGAGAA-1
391,ATGAGGGCAGTAAGAT-1
392,ATGAGGGTCCTGTACC-1
393,ATGCGATAGAGGGCTT-1
394,ATGCGATAGCGCTCCA-1
395,ATGCGATAGGATGTAT-1
396,ATGGGAGAGCGTAATA-1
397,ATGGGAGCACAAGCCC-1
398,ATGGGAGTCAGGTTCA-1
399,ATGGGAGTCGCATGGC-1
400,ATGTGTGCAAGCGAGT-1
401,ATGTGTGGTAAACACA-1
402,ATGTGTGGTTAAGGGC-1
403,ATTACTCGTCGCGTGT-1
404,ATTACTCGTTGAACTC-1
405,ATTACTCTCAACACAC-1
406,ATTATCCCAATCAGAA-1
407,ATTATCCCACCGTTGG-1
408,ATTATCCTCAAAGTAG-1
409,ATTCTACAGGTTACCT-1
410,ATTCTACCACCCTATC-1
411,ATTCTACGTGACGGTA-1
412,ATTCTACGTGTTCTTT-1
413,ATTGGACAGGTAGCTG-1
414,ATTGGACAGTGTCCAT-1
415,ATTGGACCAAGGTTCT-1
416,ATTGGACCACAGACAG-1
417,ATTGGACGTAGAAAGG-1
418,ATTGGACGTTATCCGA-1
419,ATTGGTGAGTCAAGCG-1
420,ATTGGTGCACTTCTGC-1
421,ATTGGTGTCTTGACGA-1
422,ATTTCTGCAAGTAATG-1
423,ATTTCTGGTCGCGAAA-1
424,CAACCAAAGACAATAC-1
425,CAACCAACATGTCCTC-1
426,CAACCAACATGTCTCC-1
427,CAACCTCAGAGTTGGC-1
428,CAACCTCCAAGCCGTC-1
429,CAACCTCTCTAGAGTC-1
430,CAACTAGAGAAACCGC-1
431,CAACTAGGTTCCGTCT-1
432,CAACTAGGTTTAGGAA-1
433,CAAGAAACATGGTCTA-1
434,CAAGAAAGTACAGTTC-1
435,CAAGAAAGTACTTAGC-1
436,CAAGAAAGTTGTCGCG-1
437,CAAGAAATCGCGGATC-1
438,CAAGGCCAGCGATCCC-1
439,CAAGGCCCAAACTGCT-1
440,CAAGGCCCAACTGCTA-1
441,CAAGGCCCAGTCAGAG-1
442,CAAGGCCGTAGAAGGA-1
443,CAAGGCCTCATAGCAC-1
444,CAAGTTGCAAGCGATG-1
445,CAAGTTGGTAAATACG-1
446,CAAGTTGTCTTCAACT-1
447,CACAAACAGCCAGAAC-1
448,CACAAACAGCTGCCCA-1
449,CACAAACAGTGTTTGC-1
450,CACAAACCAATGAAAC-1
451,CACAAACCAGAGTGTG-1
452,CACAAACCATAGAAAC-1
453,CACAAACGTTTCCACC-1
454,CACACAAAGCCGGTAA-1
455,CACACAAGTCCTAGCG-1
456,CACACAAGTGACTACT-1
457,CACACAATCACTTATC-1
458,CACACAATCATTATCC-1
459,CACACAATCGCAGGCT-1
460,CACACAATCTTCATGT-1
461,CACACCTAGTTATCGC-1
462,CACACCTGTAGCGCAA-1
463,CACACCTGTGGTCCGT-1
464,CACACTCAGTGTGAAT-1
465,CACACTCGTTCCGGCA-1
466,CACAGGCTCAGTGTTG-1
467,CACAGGCTCCGAATGT-1
468,CACAGTAAGTTAACGA-1
469,CACATAGTCCGTAGGC-1
470,CACATAGTCCTCTAGC-1
471,CACATTTAGAAACGAG-1
472,CACATTTAGATAGCAT-1
473,CACATTTCACTTGGAT-1
474,CACATTTGTACTTGAC-1
475,CACATTTGTTCCCTTG-1
476,CACATTTTCTGCGACG-1
477,CACCACTAGAACAATC-1
478,CACCACTGTAGGCATG-1
479,CACCACTTCAGCGATT-1
480,CACCAGGAGGACATTA-1
481,CACCAGGAGGATTCGG-1
482,CACCAGGAGTGGGCTA-1
483,CACCAGGGTGTTTGTG-1
484,CACCAGGGTTGAGGTG-1
485,CACCAGGTCCTGCAGG-1
486,CACCTTGAGTGTACCT-1
487,CACCTTGGTATATCCG-1
488,CACCTTGTCGGTCCGA-1
489,CACTCCAAGTAGCCGA-1
490,CACTCCACAATAACGA-1
491,CACTCCACATGCGCAC-1
492,CAGAATCAGTCAAGCG-1
493,CAGAATCCAGGATCGA-1
494,CAGAATCTCATCGCTC-1
495,CAGAATCTCCAATGGT-1
496,CAGAGAGAGAGACGAA-1
497,CAGAGAGAGCTAGTTC-1
498,CAGAGAGCATGTAGTC-1
499,CAGAGAGTCAAGGTAA-1
500,CAGATCAAGGCTAGCA-1
501,CAGATCACAAGTACCT-1
502,CAGATCACACATCCAA-1
503,CAGATCAGTCATGCAT-1
504,CAGATCAGTCGACTAT-1
505,CAGATCAGTCTCGTTC-1
506,CAGATCATCAGGCGAA-1
507,CAGATCATCCCTGACT-1
508,CAGCAGCCAAAGCAAT-1
509,CAGCAGCCAGGATTGG-1
510,CAGCAGCGTCTCTCTG-1
511,CAGCAGCTCATTGCGA-1
512,CAGCAGCTCGCTAGCG-1
513,CAGCAGCTCTGTACGA-1
514,CAGCATACAATGAAAC-1
515,CAGCATAGTCTCTCGT-1
516,CAGCATAGTTAAGACA-1
517,CAGCATAGTTTGTTGG-1
518,CAGCCGAAGCCGGTAA-1
519,CAGCCGACACCACCAG-1
520,CAGCCGACAGACAGGT-1
521,CAGCCGATCCGTTGTC-1
522,CAGCGACAGAGCTTCT-1
523,CAGCGACAGTTGCAGG-1
524,CAGCGACCAAAGGCGT-1
525,CAGCGACCAATCGAAA-1
526,CAGCGACCACCGCTAG-1
527,CAGCGACCATCCCACT-1
528,CAGCGACGTAGCGTCC-1
529,CAGCGACTCGCCTGAG-1
530,CAGCGACTCTCTGAGA-1
531,CAGCTAACAATGGAAT-1
532,CAGCTAACACGCTTTC-1
533,CAGCTAATCTCTAAGG-1
534,CAGCTGGAGGTGATTA-1
535,CAGCTGGGTGCGGTAA-1
536,CAGCTGGGTTATCGGT-1
537,CAGCTGGTCACCCTCA-1
538,CAGCTGGTCAGCCTAA-1
539,CAGCTGGTCGGTTAAC-1
540,CAGGTGCAGGCTATCT-1
541,CAGGTGCAGTCTTGCA-1
542,CAGGTGCCAAGTCTAC-1
543,CAGGTGCCACTAGTAC-1
544,CAGGTGCCAGACGCAA-1
545,CAGGTGCGTCCGAAGA-1
546,CAGGTGCGTCGACTGC-1
547,CAGGTGCGTGTTTGGT-1
548,CAGGTGCTCCTATGTT-1
549,CAGGTGCTCTGAAAGA-1
550,CAGTAACAGAGACGAA-1
551,CAGTAACAGTCTCGGC-1
552,CAGTAACAGTTAGCGG-1
553,CAGTAACGTACGACCC-1
554,CAGTAACGTTGCGTTA-1
555,CAGTAACTCCTCTAGC-1
556,CAGTCCTAGGCCCTTG-1
557,CATATGGAGACGCAAC-1
558,CATATGGGTGCGGTAA-1
559,CATATTCAGCGTAGTG-1
560,CATATTCAGGAATCGC-1
561,CATATTCCAATGACCT-1
562,CATATTCCATTAGGCT-1
563,CATCAGAAGGGAGTAA-1
564,CATCAGACACACCGCA-1
565,CATCAGAGTCCTGCTT-1
566,CATCAGAGTGCAGGTA-1
567,CATCAGATCTACTTAC-1
568,CATCCACCACAGCCCA-1
569,CATCGAAAGACAAGCC-1
570,CATCGAAGTAGTACCT-1
571,CATCGAATCCACGCAG-1
572,CATCGGGAGAACAACT-1
573,CATCGGGAGAGCCCAA-1
574,CATCGGGAGGGTCGAT-1
575,CATCGGGCAAACGTGG-1
576,CATCGGGCACGGCGTT-1
577,CATCGGGGTGATAAAC-1
578,CATCGGGGTTTAGCTG-1
579,CATCGGGTCAAACCGT-1
580,CATGACAAGACAGGCT-1
581,CATGACAAGTGGGTTG-1
582,CATGACAGTACAGTTC-1
583,CATGACAGTTCGTCTC-1
584,CATGACATCCTAGAAC-1
585,CATGCCTTCCATGAGT-1
586,CATGGCGGTACAGTTC-1
587,CATGGCGTCCAATGGT-1
588,CATTATCAGCCTTGAT-1
589,CATTATCTCGGAAACG-1
590,CATTCGCAGGCGATAC-1
591,CATTCGCAGTCCATAC-1
592,CATTCGCGTCAACATC-1
593,CATTCGCGTGTTGGGA-1
594,CATTCGCTCAGCTGGC-1
595,CCAATCCAGATAGCAT-1
596,CCAATCCGTTTGACTG-1
597,CCAATCCTCCTGCCAT-1
598,CCAATCCTCGTAGGTT-1
599,CCACCTAAGACCCACC-1
600,CCACCTAAGCAAATCA-1
601,CCACCTAAGTGTTGAA-1
602,CCACCTATCCACGTGG-1
603,CCACCTATCGGTTAAC-1
604,CCACGGAAGTGACATA-1
605,CCACGGACACCCATTC-1
606,CCACGGAGTCAAGCGA-1
607,CCACTACAGGGTGTGT-1
608,CCACTACGTAGCTCCG-1
609,CCACTACTCTGCTTGC-1
610,CCAGCGAAGTACGACG-1
611,CCAGCGACAATAGCAA-1
612,CCAGCGACAGGGTATG-1
613,CCAGCGAGTTGGACCC-1
614,CCATGTCAGGAGCGAG-1
615,CCATGTCAGGAGTTGC-1
616,CCATGTCAGTGCCAGA-1
617,CCATGTCCAGACTCGC-1
618,CCATGTCGTCAGAAGC-1
619,CCATGTCTCACTCCTG-1
620,CCATGTCTCGGTGTCG-1
621,CCATTCGAGGGCTTGA-1
622,CCATTCGAGTGAATTG-1
623,CCATTCGCACACGCTG-1
624,CCATTCGGTATAGGGC-1
625,CCATTCGGTCACTTCC-1
626,CCCAATCAGGGTCGAT-1
627,CCCAATCCACCGCTAG-1
628,CCCAGTTAGTACGTTC-1
629,CCCAGTTCAACGCACC-1
630,CCCAGTTTCCTCATTA-1
631,CCCATACAGTTTGCGT-1
632,CCCATACCAGACGCCT-1
633,CCCATACCAGTCGATT-1
634,CCCATACGTATTAGCC-1
635,CCCATACGTCACACGC-1
636,CCCATACTCGCTAGCG-1
637,CCCATACTCTTAGCCC-1
638,CCCTCCTAGGAATCGC-1
639,CCCTCCTAGGAGTTGC-1
640,CCCTCCTCATCCTTGC-1
641,CCCTCCTTCAAGAAGT-1
642,CCGGGATAGGTTCCTA-1
643,CCGGGATCACGGCTAC-1
644,CCGGTAGAGATCCGAG-1
645,CCGGTAGAGTATTGGA-1
646,CCGTACTAGAGGTTAT-1
647,CCGTACTAGATGTGTA-1
648,CCGTACTGTACCGTTA-1
649,CCGTGGAAGGATATAC-1
650,CCGTGGAGTTTGACAC-1
651,CCGTGGATCTCGTTTA-1
652,CCGTGGATCTGCGACG-1
653,CCGTTCACACAACTGT-1
654,CCGTTCACATCCGCGA-1
655,CCTAAAGAGCGATTCT-1
656,CCTAAAGCATGTCTCC-1
657,CCTAAAGGTAGCGCTC-1
658,CCTAAAGTCTTGACGA-1
659,CCTACACAGATGGGTC-1
660,CCTACACCAGCGTCCA-1
661,CCTACACCATGGAATA-1
662,CCTACACTCTACCTGC-1
663,CCTACCAAGCACCGTC-1
664,CCTACCACAAGCTGAG-1
665,CCTACCACACTTCTGC-1
666,CCTACCACATCGTCGG-1
667,CCTACCAGTAATCGTC-1
668,CCTACCAGTCTCTCGT-1
669,CCTACCAGTTGGTAAA-1
670,CCTAGCTAGATACACA-1
671,CCTAGCTCAAGCTGTT-1
672,CCTAGCTCAATCACAC-1
673,CCTAGCTCATTGGTAC-1
674,CCTAGCTGTAAATGTG-1
675,CCTAGCTGTATATGAG-1
676,CCTAGCTGTGTGTGCC-1
677,CCTAGCTTCTTCATGT-1
678,CCTATTAAGAGTCGGT-1
679,CCTATTAAGCCCAATT-1
680,CCTATTACACGGCGTT-1
681,CCTATTACATTTCAGG-1
682,CCTATTAGTACCGTTA-1
683,CCTATTATCATACGGT-1
684,CCTATTATCCTAGTGA-1
685,CCTATTATCGCAGGCT-1
686,CCTATTATCTGATTCT-1
687,CCTCAGTAGACTTTCG-1
688,CCTCAGTGTGACCAAG-1
689,CCTCAGTTCAATACCG-1
690,CCTCAGTTCTTGTACT-1
691,CCTCTGAAGCTTATCG-1
692,CCTCTGACAGAGTGTG-1
693,CCTCTGACAGCCAGAA-1
694,CCTCTGAGTAATAGCA-1
695,CCTCTGATCTGCTGTC-1
696,CCTTACGAGTCCGGTC-1
697,CCTTACGCAAACGTGG-1
698,CCTTACGCAAGCCTAT-1
699,CCTTACGTCTCCAGGG-1
700,CCTTCCCTCCCTGACT-1
701,CCTTCCCTCGGAGCAA-1
702,CCTTCGACAGGTCTCG-1
703,CCTTCGATCCAAACAC-1
704,CCTTTCTGTTTGTTTC-1
705,CCTTTCTTCAATCACG-1
706,CGAACATAGTGGGATC-1
707,CGAACATCAATGGATA-1
708,CGAACATCAGGAATGC-1
709,CGAACATTCTTACCGC-1
710,CGAATGTAGCTGAACG-1
711,CGAATGTAGTGGTAAT-1
712,CGAATGTCAAGTTCTG-1
713,CGAATGTTCACAGTAC-1
714,CGAATGTTCCGCAGTG-1
715,CGAATGTTCTGTCCGT-1
716,CGACCTTCACCGGAAA-1
717,CGACCTTGTTCGTTGA-1
718,CGACTTCAGACGCTTT-1
719,CGACTTCTCACATGCA-1
720,CGACTTCTCGGCCGAT-1
721,CGAGAAGTCATACGGT-1
722,CGAGAAGTCGGCCGAT-1
723,CGAGCACCAATCCAAC-1
724,CGAGCACGTTCAGGCC-1
725,CGAGCACTCCCAAGTA-1
726,CGAGCACTCGCCAAAT-1
727,CGAGCCACAAGCCATT-1
728,CGAGCCACATGGAATA-1
729,CGAGCCACATTCCTGC-1
730,CGAGCCATCCTACAGA-1
731,CGATCGGCAGCTGTAT-1
732,CGATCGGGTGTATGGG-1
733,CGATCGGGTTGAACTC-1
734,CGATCGGTCACCACCT-1
735,CGATGGCCATCGACGC-1
736,CGATGTAGTATCAGTC-1
737,CGATGTAGTTGAGTTC-1
738,CGATGTATCGCTTAGA-1
739,CGATGTATCGGATGTT-1
740,CGATTGACAGATTGCT-1
741,CGATTGATCAACACGT-1
742,CGATTGATCCAGATCA-1
743,CGCCAAGAGTCATCCA-1
744,CGCCAAGCATTACCTT-1
745,CGCCAAGGTTGTTTGG-1
746,CGCGGTAAGGTGGGTT-1
747,CGCGGTACACATAACC-1
748,CGCGGTATCCTAGGGC-1
749,CGCGTTTCAAGCCGCT-1
750,CGCGTTTCACGTCTCT-1
751,CGCGTTTTCTTCGAGA-1
752,CGCTATCAGAATGTTG-1
753,CGCTATCAGCTGATAA-1
754,CGCTATCCAAGGTTTC-1
755,CGCTATCCAGAAGCAC-1
756,CGCTGGAAGAGGACGG-1
757,CGCTGGACATTTGCCC-1
758,CGCTGGAGTGCAACTT-1
759,CGCTGGATCATAGCAC-1
760,CGCTGGATCCACGCAG-1
761,CGCTGGATCGATGAGG-1
762,CGCTTCAAGCGCTCCA-1
763,CGCTTCAAGTGTCCAT-1
764,CGCTTCACATGGATGG-1
765,CGCTTCAGTAGGAGTC-1
766,CGCTTCAGTAGGCTGA-1
767,CGGACACAGATCGGGT-1
768,CGGACACCAAGCGCTC-1
769,CGGACACCACGGTTTA-1
770,CGGACACCAGGACCCT-1
771,CGGACACGTAAGTTCC-1
772,CGGACACTCACCCTCA-1
773,CGGACGTAGACTGGGT-1
774,CGGACGTAGCAGGCTA-1
775,CGGACGTAGTCGTTTG-1
776,CGGACTGAGCGGCTTC-1
777,CGGACTGAGCTAACAA-1
778,CGGACTGTCCGCGTTT-1
779,CGGAGCTCAACCGCCA-1
780,CGGAGTCGTATTCTCT-1
781,CGGAGTCGTTCCTCCA-1
782,CGGCTAGGTAGAGTGC-1
783,CGGCTAGGTATCAGTC-1
784,CGGCTAGTCAACCATG-1
785,CGGCTAGTCTGCGTAA-1
786,CGGGTCAAGCCTCGTG-1
787,CGGGTCAAGTACCGGA-1
788,CGGGTCACACTTCGAA-1
789,CGGGTCATCCTACAGA-1
790,CGGTTAAAGAGACTAT-1
791,CGGTTAACATCGATGT-1
792,CGGTTAACATTCTCAT-1
793,CGGTTAAGTACCGTAT-1
794,CGGTTAAGTCTCCATC-1
795,CGGTTAAGTTTACTCT-1
796,CGGTTAATCTGGTATG-1
797,CGGTTAATCTTTCCTC-1
798,CGTAGCGAGTGTCTCA-1
799,CGTAGCGCAGGTCTCG-1
800,CGTAGCGGTAGGACAC-1
801,CGTAGCGGTTCTGTTT-1
802,CGTAGCGGTTGTGGCC-1
803,CGTAGGCAGAAGGCCT-1
804,CGTAGGCCAGCGTCCA-1
805,CGTAGGCCATTAACCG-1
806,CGTCACTAGCTTCGCG-1
807,CGTCACTAGTTGAGTA-1
808,CGTCACTTCACTCCTG-1
809,CGTCACTTCGGAAATA-1
810,CGTCAGGAGGCGTACA-1
811,CGTCAGGAGTATCTCG-1
812,CGTCAGGTCATCTGCC-1
813,CGTCCATCAAGCCTAT-1
814,CGTCCATCACGAAGCA-1
815,CGTCCATGTCACCTAA-1
816,CGTCTACAGCTGTTCA-1
817,CGTCTACCATGCAACT-1
818,CGTCTACTCACCACCT-1
819,CGTGAGCAGCCGGTAA-1
820,CGTGAGCAGTGACATA-1
821,CGTGAGCCACCAGGCT-1
822,CGTGAGCTCGTTGACA-1
823,CGTGTAAAGACAGGCT-1
824,CGTGTAAGTACGCACC-1
825,CGTGTCTAGAAGATTC-1
826,CGTGTCTAGTACACCT-1
827,CGTGTCTCAAGACACG-1
828,CGTGTCTCACAGACAG-1
829,CGTTAGAAGGACAGAA-1
830,CGTTAGACACATCCGG-1
831,CGTTAGACACGGACAA-1
832,CGTTAGATCACTCCTG-1
833,CGTTAGATCTCTGAGA-1
834,CGTTCTGCAATGGAAT-1
835,CGTTCTGCACCAGGCT-1
836,CGTTCTGGTAATAGCA-1
837,CGTTCTGGTTGATTCG-1
838,CGTTGGGAGAGTAAGG-1
839,CGTTGGGAGTGAACAT-1
840,CGTTGGGCACATCTTT-1
841,CGTTGGGCATTATCTC-1
842,CGTTGGGTCAGGTTCA-1
843,CGTTGGGTCTTGCCGT-1
844,CTAACTTAGCATCATC-1
845,CTAACTTAGTTCGCGC-1
846,CTAACTTGTACAGACG-1
847,CTAACTTTCATTGCCC-1
848,CTAAGACCAGGGTTAG-1
849,CTAAGACGTCACTTCC-1
850,CTAAGACGTCTGCCAG-1
851,CTAAGACGTGTGACGA-1
852,CTAAGACGTGTTTGTG-1
853,CTAAGACTCAGGCAAG-1
854,CTAATGGAGGAGTCTG-1
855,CTAATGGCACTTAAGC-1
856,CTAATGGGTGTTCTTT-1
857,CTACACCAGCGTCAAG-1
858,CTACACCCATTATCTC-1
859,CTACACCTCGTCTGAA-1
860,CTACATTAGCACCGTC-1
861,CTACATTCACACCGCA-1
862,CTACATTGTGAGGCTA-1
863,CTACATTTCCCAAGTA-1
864,CTACCCAAGCGGATCA-1
865,CTACCCACACACCGAC-1
866,CTACGTCCACGGATAG-1
867,CTACGTCCATCCGGGT-1
868,CTACGTCGTAAAGTCA-1
869,CTACGTCGTCCGCTGA-1
870,CTACGTCGTCTTCTCG-1
871,CTACGTCTCAAGGTAA-1
872,CTACGTCTCAGGCCCA-1
873,CTACGTCTCTTCATGT-1
874,CTAGAGTGTCTCATCC-1
875,CTAGAGTTCGCATGGC-1
876,CTAGCCTAGATGAGAG-1
877,CTAGCCTAGGACACCA-1
878,CTAGCCTAGGCCCGTT-1
879,CTAGCCTTCAGGCCCA-1
880,CTAGCCTTCGCGGATC-1
881,CTAGCCTTCGCTAGCG-1
882,CTAGTGATCGTAGGAG-1
883,CTCACACTCAACACTG-1
884,CTCACACTCTGGAGCC-1
885,CTCAGAAAGTGCCAGA-1
886,CTCAGAAGTCTTGTCC-1
887,CTCAGAAGTTCGGGCT-1
888,CTCAGAATCCAGTAGT-1
889,CTCATTAAGACAGGCT-1
890,CTCATTACAACACCTA-1
891,CTCATTAGTCAAAGCG-1
892,CTCATTATCGGACAAG-1
893,CTCCTAGCAAGTTAAG-1
894,CTCCTAGCACTAAGTC-1
895,CTCCTAGCAGCTTAAC-1
896,CTCCTAGGTTGCCTCT-1
897,CTCCTAGTCTCGTATT-1
898,CTCGAAAAGACAGGCT-1
899,CTCGAAACAGGTGGAT-1
900,CTCGAAAGTACTCTCC-1
901,CTCGAAATCATACGGT-1
902,CTCGAGGAGAGTCTGG-1
903,CTCGAGGAGGCGTACA-1
904,CTCGAGGCAAGGCTCC-1
905,CTCGAGGCAGATGGGT-1
906,CTCGAGGCATTGCGGC-1
907,CTCGGAGAGGCTAGCA-1
908,CTCGGAGTCGTAGGTT-1
909,CTCGGGAAGTACCGGA-1
910,CTCGGGAGTACGAAAT-1
911,CTCGGGATCAGCTTAG-1
912,CTCGGGATCGATAGAA-1
913,CTCGGGATCTATCGCC-1
914,CTCGTACAGAGTACCG-1
915,CTCGTACCACATGGGA-1
916,CTCGTACGTACTTCTT-1
917,CTCGTACTCTTCATGT-1
918,CTCGTCAAGAATAGGG-1
919,CTCGTCAAGACTGTAA-1
920,CTCGTCAAGCAGGTCA-1
921,CTCGTCAAGCGCTTAT-1
922,CTCGTCACAGCCTGTG-1
923,CTCTAATAGAATCTCC-1
924,CTCTAATAGCAGACTG-1
925,CTCTACGAGTTCCACA-1
926,CTCTACGCAAGCGATG-1
927,CTCTACGCAGCTTCGG-1
928,CTCTACGGTGAGGGAG-1
929,CTCTGGTCAGGACGTA-1
930,CTGAAACAGCTCTCGG-1
931,CTGAAACCAATAGCGG-1
932,CTGAAACCACTGAAGG-1
933,CTGAAACTCCTTTCGG-1
934,CTGAAGTAGAGCTATA-1
935,CTGAAGTAGGCGTACA-1
936,CTGAAGTAGTACGCGA-1
937,CTGAAGTCAAGCGTAG-1
938,CTGAAGTGTAGCGATG-1
939,CTGAAGTGTCCAGTTA-1
940,CTGAAGTTCGGTTAAC-1
941,CTGATAGAGACAGACC-1
942,CTGATAGAGAGAACAG-1
943,CTGATAGTCAAACCGT-1
944,CTGATAGTCCAGAAGG-1
945,CTGATAGTCTTCCTTC-1
946,CTGATCCAGATGAGAG-1
947,CTGATCCCATCACGAT-1
948,CTGATCCGTATTCTCT-1
949,CTGATCCGTCATATGC-1
950,CTGATCCTCGCCAAAT-1
951,CTGATCCTCTGGTATG-1
952,CTGCCTAAGCAGCGTA-1
953,CTGCCTACACCGTTGG-1
954,CTGCCTAGTCGCCATG-1
955,CTGCGGAAGGATGCGT-1
956,CTGCGGAAGTTTCCTT-1
957,CTGCGGAGTGTCGCTG-1
958,CTGCGGAGTTCCCGAG-1
959,CTGCGGATCAGCATGT-1
960,CTGCGGATCCTTGGTC-1
961,CTGCGGATCTTTAGGG-1
962,CTGCTGTAGCCCGAAA-1
963,CTGCTGTCAGGATCGA-1
964,CTGCTGTGTGTTGAGG-1
965,CTGCTGTGTTCTGGTA-1
966,CTGCTGTGTTGTCTTT-1
967,CTGCTGTTCATGCAAC-1
968,CTGGTCTCAAACGTGG-1
969,CTGGTCTCAGGTCGTC-1
970,CTGGTCTCAGTGGGAT-1
971,CTGGTCTTCCAAGCCG-1
972,CTGTGCTGTACCAGTT-1
973,CTGTTTAAGAGTGAGA-1
974,CTGTTTAAGGTGTTAA-1
975,CTGTTTACACAAGCCC-1
976,CTGTTTACAGCATACT-1
977,CTGTTTACAGGAATCG-1
978,CTGTTTATCTCCAGGG-1
979,CTTAACTAGCGATCCC-1
980,CTTAACTTCACCAGGC-1
981,CTTACCGAGTATTGGA-1
982,CTTACCGGTACTCAAC-1
983,CTTACCGTCTGTCTAT-1
984,CTTAGGACACGTTGGC-1
985,CTTAGGATCGCTTGTC-1
986,CTTAGGATCTCCCTGA-1
987,CTTCTCTAGGTGATAT-1
988,CTTCTCTTCAGCGACC-1
989,CTTCTCTTCTCCTATA-1
990,CTTGGCTAGACAGGCT-1
991,CTTGGCTCACACCGAC-1
992,CTTGGCTGTAAATGAC-1
993,CTTGGCTTCAAGGTAA-1
994,CTTGGCTTCCCTAATT-1
995,CTTTGCGCACATGTGT-1
996,CTTTGCGTCCGCATCT-1
997,GAAACTCAGTAAGTAC-1
998,GAACATCGTGGTCTCG-1
999,GAACATCTCGTCCGTT-1
1000,GAACATCTCTTATCTG-1
1001,GAACCTAAGACGACGT-1
1002,GAACCTACACCGCTAG-1
1003,GAACGGAAGTGCAAGC-1
1004,GAACGGACACATCCGG-1
1005,GAACGGAGTACCGTTA-1
1006,GAAGCAGTCACGCATA-1
1007,GAAGCAGTCTTTCCTC-1
1008,GAATAAGAGCGTAATA-1
1009,GAATAAGCAAAGCGGT-1
1010,GAATAAGGTAGCAAAT-1
1011,GAATAAGGTCATGCCG-1
1012,GAATAAGGTCCGAAGA-1
1013,GAATAAGTCTATCCCG-1
1014,GAATGAACACTTAAGC-1
1015,GAATGAAGTGTTTGTG-1
1016,GAATGAATCGATAGAA-1
1017,GACACGCAGAGCTTCT-1
1018,GACACGCGTATTACCG-1
1019,GACACGCGTTTGGGCC-1
1020,GACAGAGAGGTAAACT-1
1021,GACAGAGGTCCTCTTG-1
1022,GACCAATAGCCAGTTT-1
1023,GACCAATAGGGCTTGA-1
1024,GACCAATCAAGACGTG-1
1025,GACCTGGCAAACTGTC-1
1026,GACCTGGCACAGAGGT-1
1027,GACCTGGCACCAACCG-1
1028,GACGCGTAGTTAGGTA-1
1029,GACGCGTGTGTAACGG-1
1030,GACGCGTTCCTAAGTG-1
1031,GACGCGTTCTGTCAAG-1
1032,GACGGCTAGCCCAACC-1
1033,GACGGCTAGTCATCCA-1
1034,GACGGCTGTTGTACAC-1
1035,GACGGCTTCAATCACG-1
1036,GACGGCTTCGCCTGAG-1
1037,GACGGCTTCTTACCTA-1
1038,GACGTGCAGTCTTGCA-1
1039,GACGTGCCAAATTGCC-1
1040,GACGTGCCACGACGAA-1
1041,GACGTGCCATATACCG-1
1042,GACGTGCGTTAAGTAG-1
1043,GACGTTAAGCTAAGAT-1
1044,GACGTTACACGGCCAT-1
1045,GACGTTACACTGCCAG-1
1046,GACGTTACAGGTCCAC-1
1047,GACGTTACATCACCCT-1
1048,GACTAACAGCCACGTC-1
1049,GACTAACAGGTGCACA-1
1050,GACTAACAGTCCATAC-1
1051,GACTAACCAGTGAGTG-1
1052,GACTAACCATACGCCG-1
1053,GACTAACCATCACGTA-1
1054,GACTAACGTTTGTTGG-1
1055,GACTAACTCTTTACAC-1
1056,GACTACAAGTAATCCC-1
1057,GACTACAGTCTAGAGG-1
1058,GACTACAGTGAAGGCT-1
1059,GACTACAGTTAAGTAG-1
1060,GACTACAGTTTGTGTG-1
1061,GACTACATCGAGGTAG-1
1062,GACTACATCTAGAGTC-1
1063,GACTGCGAGCTGCCCA-1
1064,GACTGCGAGTCCATAC-1
1065,GACTGCGCAGGAATCG-1
1066,GACTGCGCAGTCCTTC-1
1067,GACTGCGTCAAGCCTA-1
1068,GAGCAGAAGAGCTATA-1
1069,GAGCAGAAGGTCATCT-1
1070,GAGCAGAAGTTCGCAT-1
1071,GAGCAGACACTAAGTC-1
1072,GAGCAGAGTCGCCATG-1
1073,GAGCAGAGTCTCCATC-1
1074,GAGCAGAGTTTGGCGC-1
1075,GAGCAGAGTTTGGGCC-1
1076,GAGCAGATCTGGGCCA-1
1077,GAGGTGAAGAGTAAGG-1
1078,GAGGTGAAGATATGGT-1
1079,GAGGTGAAGGTGCACA-1
1080,GAGGTGAGTGTGGTTT-1
1081,GAGGTGATCAATAAGG-1
1082,GAGTCCGGTCGTTGTA-1
1083,GAGTCCGTCTTTAGTC-1
1084,GATCAGTAGATGCCTT-1
1085,GATCAGTAGTGAAGTT-1
1086,GATCAGTTCCTCCTAG-1
1087,GATCGATCAAGTCTAC-1
1088,GATCGCGAGATATGCA-1
1089,GATCGCGCACTGTTAG-1
1090,GATCGCGGTAGGGTAC-1
1091,GATCGCGTCTCTAAGG-1
1092,GATCGTAAGACAGACC-1
1093,GATCGTAAGCAGCGTA-1
1094,GATCGTAAGGCAAAGA-1
1095,GATCGTAAGTATCTCG-1
1096,GATCGTAGTAGTAGTA-1
1097,GATCGTAGTCACTTCC-1
1098,GATCGTATCAAACCAC-1
1099,GATCTAGGTCTCAACA-1
1100,GATCTAGGTTGGGACA-1
1101,GATCTAGTCAGCATGT-1
1102,GATCTAGTCCCTCAGT-1
1103,GATCTAGTCGTGGACC-1
1104,GATCTAGTCTCCAACC-1
1105,GATGAAAAGAAGGGTA-1
1106,GATGAAACACCGTTGG-1
1107,GATGAAAGTCCATGAT-1
1108,GATGAAAGTTGCGTTA-1
1109,GATGAAATCGCGATCG-1
1110,GATGAGGAGGGTGTTG-1
1111,GATGAGGCAGTAACGG-1
1112,GATGAGGGTAACGCGA-1
1113,GATGCTAAGTGGTAGC-1
1114,GATGCTACAAACGTGG-1
1115,GATGCTACACGGTAGA-1
1116,GATGCTACATAGAAAC-1
1117,GATGCTATCGCTGATA-1
1118,GATGCTATCTGCTGTC-1
1119,GATTCAGCAAGAGTCG-1
1120,GATTCAGGTGCAACTT-1
1121,GATTCAGTCCTCTAGC-1
1122,GCAAACTAGACTAAGT-1
1123,GCAAACTAGATGTCGG-1
1124,GCAAACTCAACCGCCA-1
1125,GCAAACTCATGGTCAT-1
1126,GCAAACTGTAATCGTC-1
1127,GCAAACTGTGGTGTAG-1
1128,GCAAACTTCTTGTATC-1
1129,GCAATCAAGTCCGGTC-1
1130,GCAATCACAAATACAG-1
1131,GCAATCACATCTCCCA-1
1132,GCAATCAGTAAACCTC-1
1133,GCAATCATCATTATCC-1
1134,GCACATAAGGCGCTCT-1
1135,GCACATACAAGTCATC-1
1136,GCACATACATCACGTA-1
1137,GCACATAGTCTCACCT-1
1138,GCACATATCCATGCTC-1
1139,GCACATATCCGCAGTG-1
1140,GCACTCTTCCCTTGTG-1
1141,GCACTCTTCTACGAGT-1
1142,GCAGCCACAGGTCGTC-1
1143,GCAGCCATCCCAAGTA-1
1144,GCAGTTAAGACGACGT-1
1145,GCAGTTAAGTAGTGCG-1
1146,GCAGTTACACGCCAGT-1
1147,GCAGTTAGTGAAAGAG-1
1148,GCAGTTATCACAACGT-1
1149,GCATACAAGAAACGAG-1
1150,GCATACACACCGGAAA-1
1151,GCATACACAGATTGCT-1
1152,GCATACAGTCCGAACC-1
1153,GCATACAGTGAAATCA-1
1154,GCATACAGTTCAGCGC-1
1155,GCATACAGTTCTGTTT-1
1156,GCATACATCAGGTTCA-1
1157,GCATGATCACGGCTAC-1
1158,GCATGATGTAAAGGAG-1
1159,GCATGATTCCAAGCCG-1
1160,GCATGCGAGTGATCGG-1
1161,GCATGCGCACCCATGG-1
1162,GCATGCGCAGGGTACA-1
1163,GCATGCGTCCCTCTTT-1
1164,GCATGCGTCGGTCTAA-1
1165,GCATGTAAGCGTTTAC-1
1166,GCATGTAAGGATATAC-1
1167,GCATGTATCACCTTAT-1
1168,GCATGTATCATGTAGC-1
1169,GCATGTATCGAACTGT-1
1170,GCCAAATAGATAGGAG-1
1171,GCCAAATCAGAGTGTG-1
1172,GCCAAATCATGCTAGT-1
1173,GCCAAATTCAGCAACT-1
1174,GCCTCTAAGCCACTAT-1
1175,GCCTCTAAGCGATATA-1
1176,GCCTCTACATCCTTGC-1
1177,GCCTCTAGTTGGTAAA-1
1178,GCCTCTATCGTATCAG-1
1179,GCGACCACAGATGAGC-1
1180,GCGAGAAAGATCCCAT-1
1181,GCGAGAATCTCAAACG-1
1182,GCGCAACAGCGATCCC-1
1183,GCGCAACAGTGGGTTG-1
1184,GCGCAACCATAGAAAC-1
1185,GCGCAACTCATCACCC-1
1186,GCGCAGTCACTACAGT-1
1187,GCGCCAAGTACCTACA-1
1188,GCGCCAATCAGTGCAT-1
1189,GCGCCAATCATCATTC-1
1190,GCGCCAATCGTACGGC-1
1191,GCGCGATAGGACATTA-1
1192,GCGCGATCATCCGTGG-1
1193,GCGCGATGTGTTAAGA-1
1194,GCGCGATGTTCCAACA-1
1195,GCGGGTTCACCTCGGA-1
1196,GCGGGTTGTCACTTCC-1
1197,GCGGGTTGTCCGAATT-1
1198,GCGGGTTGTCTTGCGG-1
1199,GCTCCTAAGGCCCTTG-1
1200,GCTCCTACAGTATCTG-1
1201,GCTCCTAGTACTCAAC-1
1202,GCTCCTAGTCGAAAGC-1
1203,GCTCTGTAGACTAGAT-1
1204,GCTCTGTCAAAGTCAA-1
1205,GCTCTGTTCTCGTATT-1
1206,GCTGCAGAGCCCAACC-1
1207,GCTGCAGAGTTGAGAT-1
1208,GCTGCAGCACTGTGTA-1
1209,GCTGCAGCATCGGACC-1
1210,GCTGCAGTCATAACCG-1
1211,GCTGCAGTCTTGCCGT-1
1212,GCTGCGAAGTGAATTG-1
1213,GCTGCGACACCAGGCT-1
1214,GCTGCGAGTACAGTGG-1
1215,GCTGCGAGTCATCCCT-1
1216,GCTGCGAGTCTTGCGG-1
1217,GCTGCGAGTGTGGCTC-1
1218,GCTGCTTAGGAGTACC-1
1219,GCTGCTTAGGTTACCT-1
1220,GCTGCTTAGTACATGA-1
1221,GCTGCTTGTTGGAGGT-1
1222,GCTGCTTTCGCGTAGC-1
1223,GCTGGGTTCCCATTTA-1
1224,GCTTCCAGTCATCGGC-1
1225,GCTTGAACACTAGTAC-1
1226,GCTTGAAGTTGCGCAC-1
1227,GCTTGAATCACGAAGG-1
1228,GGAAAGCAGATTACCC-1
1229,GGAAAGCAGCTACCGC-1
1230,GGAAAGCGTCTAGAGG-1
1231,GGAAAGCGTTTGGCGC-1
1232,GGAAAGCTCAGCTCTC-1
1233,GGAAAGCTCCCATTAT-1
1234,GGAACTTAGGTCATCT-1
1235,GGAACTTCAAGGCTCC-1
1236,GGAACTTCAGCTGGCT-1
1237,GGAACTTGTAGCTCCG-1
1238,GGAACTTTCCACGACG-1
1239,GGAACTTTCGTGGGAA-1
1240,GGAATAACATTCGACA-1
1241,GGAATAATCGCATGAT-1
1242,GGAATAATCTGCGTAA-1
1243,GGACAAGCAGGCTGAA-1
1244,GGACAAGGTTCCCGAG-1
1245,GGACAAGGTTGTCGCG-1
1246,GGACAAGTCCGCATAA-1
1247,GGACAGAAGCAATATG-1
1248,GGACAGAAGCGTAGTG-1
1249,GGACAGAAGCTTCGCG-1
1250,GGACAGAGTGTCAATC-1
1251,GGACAGAGTTCAGACT-1
1252,GGACAGATCCAAACTG-1
1253,GGACATTGTCCGACGT-1
1254,GGACATTGTCGACTGC-1
1255,GGACATTGTGAGTGAC-1
1256,GGACATTGTGCACCAC-1
1257,GGACATTTCGATAGAA-1
1258,GGACGTCGTCCCGACA-1
1259,GGACGTCTCCTGCCAT-1
1260,GGAGCAAAGTAATCCC-1
1261,GGAGCAACAAAGGAAG-1
1262,GGAGCAACATGCAATC-1
1263,GGAGCAAGTTTCGCTC-1
1264,GGATGTTCATCAGTCA-1
1265,GGATGTTCATGTAGTC-1
1266,GGATTACCAAAGGCGT-1
1267,GGATTACGTCTACCTC-1
1268,GGCAATTAGTGACTCT-1
1269,GGCAATTGTTTAGCTG-1
1270,GGCCGATCACCAGATT-1
1271,GGCCGATTCACCAGGC-1
1272,GGCCGATTCACTCCTG-1
1273,GGCCGATTCAGGTTCA-1
1274,GGCCGATTCATGTCTT-1
1275,GGCCGATTCTCTTATG-1
1276,GGCGACTGTGCAACGA-1
1277,GGCGACTTCCGCGCAA-1
1278,GGCGTGTAGGACAGCT-1
1279,GGCGTGTGTGTCGCTG-1
1280,GGCGTGTTCACAACGT-1
1281,GGCTCGATCACAGTAC-1
1282,GGCTGGTCAAATCCGT-1
1283,GGCTGGTCAAGTACCT-1
1284,GGCTGGTCAGCTTAAC-1
1285,GGCTGGTCATACCATG-1
1286,GGCTGGTCATGGTTGT-1
1287,GGCTGGTTCCCTAATT-1
1288,GGCTGGTTCGCCAAAT-1
1289,GGGAATGCATCCTAGA-1
1290,GGGAATGGTCACCTAA-1
1291,GGGAATGTCTCGATGA-1
1292,GGGACCTAGATCACGG-1
1293,GGGACCTAGCGTTTAC-1
1294,GGGACCTCAATGGAGC-1
1295,GGGACCTGTCCGACGT-1
1296,GGGACCTTCAGGTAAA-1
1297,GGGAGATAGACTAGAT-1
1298,GGGAGATAGCCTTGAT-1
1299,GGGAGATAGGTGCACA-1
1300,GGGAGATCATAACCTG-1
1301,GGGAGATGTAGCAAAT-1
1302,GGGAGATTCACCCTCA-1
1303,GGGATGACATACGCCG-1
1304,GGGATGATCACCTTAT-1
1305,GGGCACTAGAAGGACA-1
1306,GGGCACTAGTAGGTGC-1
1307,GGGCATCAGACTCGGA-1
1308,GGGCATCCATCTCGCT-1
1309,GGGCATCCATTGTGCA-1
1310,GGGCATCGTAAGTGGC-1
1311,GGGCATCTCCTAGTGA-1
1312,GGGTCTGCAATTGCTG-1
1313,GGGTCTGCATGTAGTC-1
1314,GGGTCTGGTCGTTGTA-1
1315,GGGTTGCAGCTGAACG-1
1316,GGGTTGCAGGTGTGGT-1
1317,GGGTTGCAGTGCGATG-1
1318,GGGTTGCCAGACTCGC-1
1319,GGGTTGCGTATAGGGC-1
1320,GGTATTGAGGGTATCG-1
1321,GGTATTGCACAAGACG-1
1322,GGTATTGCATGGGACA-1
1323,GGTATTGCATTCTTAC-1
1324,GGTATTGTCGTTTAGG-1
1325,GGTGAAGTCACTCTTA-1
1326,GGTGCGTAGAAGGGTA-1
1327,GGTGCGTGTAGAAGGA-1
1328,GGTGCGTGTCTAGCCG-1
1329,GGTGTTAAGCTCAACT-1
1330,GGTGTTAGTCATATCG-1
1331,GGTGTTAGTCTCACCT-1
1332,GGTGTTAGTCTTCGTC-1
1333,GGTGTTATCCGTTGCT-1
1334,GGTGTTATCGTTACGA-1
1335,GTAACGTAGTCCATAC-1
1336,GTAACGTCACATTCGA-1
1337,GTAACGTCATCGTCGG-1
1338,GTAACGTGTTAGATGA-1
1339,GTAACGTTCTCGCATC-1
1340,GTAACTGAGCCATCGC-1
1341,GTAACTGAGGCTAGAC-1
1342,GTAACTGGTCTACCTC-1
1343,GTAACTGGTCTAGCCG-1
1344,GTAACTGGTTGTACAC-1
1345,GTACGTAAGAGTCTGG-1
1346,GTACGTAAGCGTGTCC-1
1347,GTACTCCAGTAGGTGC-1
1348,GTACTCCGTGAACCTT-1
1349,GTACTTTCACCGAATT-1
1350,GTACTTTCATCGTCGG-1
1351,GTACTTTGTCCCGACA-1
1352,GTACTTTTCATCATTC-1
1353,GTACTTTTCTCCCTGA-1
1354,GTAGGCCAGCCACTAT-1
1355,GTAGGCCCAAGTAATG-1
1356,GTAGGCCGTAGAGGAA-1
1357,GTAGGCCGTCCCTTGT-1
1358,GTAGGCCGTTGACGTT-1
1359,GTAGGCCTCAGCTCGG-1
1360,GTAGGCCTCCGCATCT-1
1361,GTAGGCCTCGAGCCCA-1
1362,GTAGTCAAGACCCACC-1
1363,GTAGTCAAGTCAAGGC-1
1364,GTAGTCACAGCGTCCA-1
1365,GTAGTCATCACCTCGT-1
1366,GTAGTCATCCAATGGT-1
1367,GTAGTCATCGAGCCCA-1
1368,GTATCTTTCAATACCG-1
1369,GTATTCTCAGATCCAT-1
1370,GTATTCTTCATATCGG-1
1371,GTATTCTTCCTTGGTC-1
1372,GTATTCTTCTTAGAGC-1
1373,GTCAAGTAGATCCTGT-1
1374,GTCAAGTGTCAGCTAT-1
1375,GTCAAGTGTCCAGTAT-1
1376,GTCAAGTGTGTTCGAT-1
1377,GTCACAATCTAACTTC-1
1378,GTCACGGAGGTTACCT-1
1379,GTCACGGCATTGTGCA-1
1380,GTCACGGGTCAAAGAT-1
1381,GTCACGGGTTACTGAC-1
1382,GTCACGGTCCGCGCAA-1
1383,GTCATTTAGAGTACAT-1
1384,GTCATTTAGCGAAGGG-1
1385,GTCATTTCATCGTCGG-1
1386,GTCATTTTCGGTGTCG-1
1387,GTCATTTTCTAACCGA-1
1388,GTCCTCACACTGTCGG-1
1389,GTCCTCAGTAAACACA-1
1390,GTCGGGTGTACAGTTC-1
1391,GTCGGGTTCCGCTGTT-1
1392,GTCGTAAAGGCCCTTG-1
1393,GTCGTAACAGACACTT-1
1394,GTCGTAAGTCTGGTCG-1
1395,GTCGTAATCCCACTTG-1
1396,GTCTCGTCAGACGTAG-1
1397,GTCTCGTTCTCAAGTG-1
1398,GTCTTCGCAGTGACAG-1
1399,GTCTTCGCATCAGTCA-1
1400,GTCTTCGTCGGAGGTA-1
1401,GTGAAGGCATCACGAT-1
1402,GTGAAGGCATGCAACT-1
1403,GTGAAGGGTTCTGAAC-1
1404,GTGAAGGTCACGAAGG-1
1405,GTGAAGGTCCAGAGGA-1
1406,GTGCAGCGTGACGCCT-1
1407,GTGCAGCTCATGGTCA-1
1408,GTGCAGCTCGCAGGCT-1
1409,GTGCATACAGCTGCTG-1
1410,GTGCGGTGTCGACTGC-1
1411,GTGCGGTGTGAGGCTA-1
1412,GTGCGGTGTTGGAGGT-1
1413,GTGCTTCAGAATTGTG-1
1414,GTGCTTCAGCCAGGAT-1
1415,GTGCTTCAGCTCCTCT-1
1416,GTGCTTCCAACGCACC-1
1417,GTGCTTCGTCGGCATC-1
1418,GTGGGTCAGACCTAGG-1
1419,GTGGGTCCAAGCGATG-1
1420,GTGGGTCGTAGAGCTG-1
1421,GTGGGTCGTTACCGAT-1
1422,GTGGGTCTCACCACCT-1
1423,GTGGGTCTCGCCTGAG-1
1424,GTGGGTCTCTTGCAAG-1
1425,GTGTGCGAGCGACGTA-1
1426,GTGTGCGGTCGAGATG-1
1427,GTGTGCGGTGCCTTGG-1
1428,GTGTGCGTCACCACCT-1
1429,GTGTGCGTCACTTACT-1
1430,GTGTGCGTCCACGAAT-1
1431,GTGTTAGAGGGCTCTC-1
1432,GTGTTAGCACCAGCAC-1
1433,GTGTTAGGTCTAGGTT-1
1434,GTTAAGCTCAACGGGA-1
1435,GTTAAGCTCTCATTCA-1
1436,GTTACAGAGGCGACAT-1
1437,GTTACAGAGTATCTCG-1
1438,GTTACAGCAAACAACA-1
1439,GTTACAGCAAACCTAC-1
1440,GTTACAGCAATCTGCA-1
1441,GTTACAGCACAGGCCT-1
1442,GTTACAGCACATGTGT-1
1443,GTTACAGGTGTAAGTA-1
1444,GTTCATTAGGCTACGA-1
1445,GTTCATTCATGGGAAC-1
1446,GTTCATTGTTCCGGCA-1
1447,GTTCGGGAGATGCCTT-1
1448,GTTCGGGTCGGTCCGA-1
1449,GTTCGGGTCGGTTCGG-1
1450,GTTCTCGCATGTCTCC-1
1451,GTTCTCGTCTGCAGTA-1
1452,GTTTCTAAGTTACCCA-1
1453,GTTTCTACAACACGCC-1
1454,GTTTCTACAGCGATCC-1
1455,GTTTCTACATGCCACG-1
1456,GTTTCTACATGCTAGT-1
1457,GTTTCTATCAACGCTA-1
1458,GTTTCTATCGCCATAA-1
1459,TAAACCGAGGTAGCTG-1
1460,TAAACCGAGTCACGCC-1
1461,TAAACCGCAAGTCTAC-1
1462,TAAACCGGTCCGTCAG-1
1463,TAAGAGAAGATATACG-1
1464,TAAGAGACATGCCACG-1
1465,TAAGAGAGTCTCTCGT-1
1466,TAAGAGAGTTGTTTGG-1
1467,TAAGCGTGTTGTACAC-1
1468,TAAGTGCTCGGGAGTA-1
1469,TACACGAAGAGACTTA-1
1470,TACACGAAGTACTTGC-1
1471,TACACGACAAGCCTAT-1
1472,TACACGACACACCGCA-1
1473,TACACGACACTGAAGG-1
1474,TACACGAGTGGTACAG-1
1475,TACACGAGTTTCGCTC-1
1476,TACAGTGAGCCAGTAG-1
1477,TACAGTGCAACCGCCA-1
1478,TACAGTGCAATGGTCT-1
1479,TACAGTGGTGACAAAT-1
1480,TACAGTGGTTACCAGT-1
1481,TACAGTGGTTATTCTC-1
1482,TACAGTGTCCCTCAGT-1
1483,TACCTATCAAGTAGTA-1
1484,TACCTATCAATTGCTG-1
1485,TACCTATCACCTATCC-1
1486,TACCTATCAGACTCGC-1
1487,TACCTATCATATACCG-1
1488,TACCTATGTATATGGA-1
1489,TACCTATGTGTGCGTC-1
1490,TACCTATTCCAACCAA-1
1491,TACCTTAAGACCGGAT-1
1492,TACCTTAAGCCCAGCT-1
1493,TACCTTACAAACGTGG-1
1494,TACCTTACAACACCCG-1
1495,TACCTTATCGCCAGCA-1
1496,TACCTTATCGGCGCTA-1
1497,TACGGATAGGCAGGTT-1
1498,TACGGATAGTGAACAT-1
1499,TACGGATCACGCGAAA-1
1500,TACGGATCATGAACCT-1
1501,TACGGATTCCTTTCTC-1
1502,TACGGATTCTCGTTTA-1
1503,TACGGATTCTGTGCAA-1
1504,TACGGGCAGTCCGGTC-1
1505,TACGGGCCAGACAAAT-1
1506,TACGGGCCATCCGCGA-1
1507,TACGGGCCATGCCACG-1
1508,TACGGGCGTAAACACA-1
1509,TACGGGCTCAGGTAAA-1
1510,TACGGTAAGTACATGA-1
1511,TACGGTAGTAGGACAC-1
1512,TACGGTAGTCTCTCTG-1
1513,TACGGTATCGAATGCT-1
1514,TACGGTATCTTAGCCC-1
1515,TACTCATAGACAAAGG-1
1516,TACTCATAGAGTAAGG-1
1517,TACTCATCAGACTCGC-1
1518,TACTCATTCGAACGGA-1
1519,TACTCGCAGCCCGAAA-1
1520,TACTCGCCAATTCCTT-1
1521,TACTCGCCATCTCCCA-1
1522,TACTCGCTCAATCTCT-1
1523,TACTCGCTCCACTGGG-1
1524,TACTTACAGCTCCTCT-1
1525,TACTTACAGGGTCGAT-1
1526,TACTTACAGTACGCGA-1
1527,TACTTACAGTGGGTTG-1
1528,TACTTACTCCTTAATC-1
1529,TACTTACTCTAACGGT-1
1530,TAGACCACAATTCCTT-1
1531,TAGACCATCAACGCTA-1
1532,TAGAGCTAGAGATGAG-1
1533,TAGAGCTCAATAGCGG-1
1534,TAGAGCTCACAGACAG-1
1535,TAGAGCTCACTGTCGG-1
1536,TAGAGCTGTTCTGAAC-1
1537,TAGAGCTTCTAAGCCA-1
1538,TAGCCGGAGCTAAGAT-1
1539,TAGCCGGAGTGTTAGA-1
1540,TAGCCGGCAATGCCAT-1
1541,TAGCCGGCACAGACTT-1
1542,TAGCCGGCAGTATCTG-1
1543,TAGGCATCAGTGAGTG-1
1544,TAGGCATGTATGGTTC-1
1545,TAGGCATGTTTCGCTC-1
1546,TAGGCATTCGTTTATC-1
1547,TAGGCATTCTGAGGGA-1
1548,TAGTGGTAGCACCGTC-1
1549,TAGTGGTCAATAGCAA-1
1550,TAGTGGTGTCGACTAT-1
1551,TAGTGGTGTCTCCCTA-1
1552,TAGTGGTTCTTGGGTA-1
1553,TAGTTGGAGTATCGAA-1
1554,TAGTTGGGTCGCATAT-1
1555,TAGTTGGGTGCAGTAG-1
1556,TAGTTGGTCCAATGGT-1
1557,TAGTTGGTCGTACCGG-1
1558,TAGTTGGTCTGGCGTG-1
1559,TATCAGGAGTTGTAGA-1
1560,TATCAGGCATGCAACT-1
1561,TATCTCAAGTAGTGCG-1
1562,TATCTCACAAAGGTGC-1
1563,TATCTCACAACGATGG-1
1564,TATCTCAGTAATTGGA-1
1565,TATCTCAGTTACGTCA-1
1566,TATCTCAGTTCGTGAT-1
1567,TATCTCATCAATCTCT-1
1568,TATCTCATCTTGCAAG-1
1569,TATGCCCAGAGCAATT-1
1570,TATGCCCAGATAGTCA-1
1571,TATGCCCAGTTGAGAT-1
1572,TATGCCCGTCGGCATC-1
1573,TATGCCCGTCTAGCCG-1
1574,TATGCCCTCGGAATCT-1
1575,TATTACCGTGCTGTAT-1
1576,TATTACCTCCATGAAC-1
1577,TCAACGAAGTCCAGGA-1
1578,TCAACGAGTGTGCCTG-1
1579,TCAACGATCGATAGAA-1
1580,TCAATCTAGCAATCTC-1
1581,TCAATCTCACAGCGTC-1
1582,TCAATCTGTGGTCCGT-1
1583,TCAATCTGTTTGTTGG-1
1584,TCAATCTTCACTCCTG-1
1585,TCACAAGGTCAGCTAT-1
1586,TCACAAGGTGCCTGGT-1
1587,TCACAAGTCTGAAAGA-1
1588,TCACGAACAGCTGTAT-1
1589,TCACGAAGTCAATGTC-1
1590,TCACGAAGTCGGATCC-1
1591,TCAGATGAGAGAGCTC-1
1592,TCAGATGCAAGCTGAG-1
1593,TCAGATGGTTAGAACA-1
1594,TCAGATGTCGCTGATA-1
1595,TCAGATGTCTTGTATC-1
1596,TCAGCAAAGCCCAATT-1
1597,TCAGCAAAGCTAGTTC-1
1598,TCAGCAAAGTTACCCA-1
1599,TCAGCAACATTAACCG-1
1600,TCAGCAAGTCCGAATT-1
1601,TCAGCAATCACGGTTA-1
1602,TCAGCTCCAATAACGA-1
1603,TCAGCTCCACCTCGTT-1
1604,TCAGCTCGTCCAGTGC-1
1605,TCAGCTCGTGAGGGTT-1
1606,TCAGCTCTCTTGCCGT-1
1607,TCAGGATCAAAGCAAT-1
1608,TCAGGATCAAGAAGAG-1
1609,TCAGGATGTGCCTGGT-1
1610,TCAGGATGTTTAGCTG-1
1611,TCAGGTAAGACCACGA-1
1612,TCAGGTAAGTGTTAGA-1
1613,TCAGGTACAAGCGAGT-1
1614,TCAGGTACATAGGATA-1
1615,TCAGGTATCGCACTCT-1
1616,TCAGGTATCGGCGGTT-1
1617,TCATTACAGATAGTCA-1
1618,TCATTACAGCCAGTTT-1
1619,TCATTACAGTAGTGCG-1
1620,TCATTACGTCATATCG-1
1621,TCATTACTCCGAATGT-1
1622,TCATTTGAGGCAAAGA-1
1623,TCATTTGAGTTGCAGG-1
1624,TCATTTGGTAACGACG-1
1625,TCATTTGGTAGGAGTC-1
1626,TCATTTGGTCATGCCG-1
1627,TCCACACAGGCCATAG-1
1628,TCCACACTCCTAAGTG-1
1629,TCCCGATAGAGTAATC-1
1630,TCCCGATGTGGACGAT-1
1631,TCGAGGCCACTTCTGC-1
1632,TCGCGAGCAAGCCCAC-1
1633,TCGCGAGCACACCGAC-1
1634,TCGCGAGCAGATGGGT-1
1635,TCGCGAGCAGGCTGAA-1
1636,TCGCGTTAGCCAGAAC-1
1637,TCGCGTTAGGCAGTCA-1
1638,TCGCGTTCACCTCGGA-1
1639,TCGCGTTCATCACGAT-1
1640,TCGCGTTCATCTACGA-1
1641,TCGCGTTGTTATTCTC-1
1642,TCGCGTTTCGAGGTAG-1
1643,TCGGGACGTAAGGGCT-1
1644,TCGGGACGTCTAGTGT-1
1645,TCGGGACGTTCTGAAC-1
1646,TCGGTAAAGCATCATC-1
1647,TCGGTAACACAACTGT-1
1648,TCGGTAACACGGCTAC-1
1649,TCGGTAAGTTACCGAT-1
1650,TCGGTAATCTGGGCCA-1
1651,TCGTACCAGACCGGAT-1
1652,TCGTACCCAACTGCGC-1
1653,TCGTACCCAGGGTTAG-1
1654,TCGTAGAAGAGCTGGT-1
1655,TCGTAGAAGCAACGGT-1
1656,TCGTAGAAGCTAGGCA-1
1657,TCGTAGAGTCATCGGC-1
1658,TCGTAGAGTCCTGCTT-1
1659,TCGTAGATCAAACGGG-1
1660,TCGTAGATCACAAACC-1
1661,TCGTAGATCCAGGGCT-1
1662,TCGTAGATCCTAAGTG-1
1663,TCTATTGTCAGTCAGT-1
1664,TCTATTGTCCGAACGC-1
1665,TCTCATACAACTGGCC-1
1666,TCTCATATCATGTCTT-1
1667,TCTCATATCTTCGGTC-1
1668,TCTCATATCTTGCCGT-1
1669,TCTCTAAAGAAGGGTA-1
1670,TCTCTAAAGCCACCTG-1
1671,TCTCTAAGTAAACACA-1
1672,TCTCTAAGTTCGAATC-1
1673,TCTCTAATCGCCAAAT-1
1674,TCTGAGACACAGAGGT-1
1675,TCTGAGAGTCGCTTCT-1
1676,TCTGAGAGTCTGCCAG-1
1677,TCTGAGAGTTCTGAAC-1
1678,TCTGAGATCGAATGGG-1
1679,TCTGAGATCTCGAGTA-1
1680,TCTGGAATCCAGATCA-1
1681,TCTTCGGAGAAGGTGA-1
1682,TCTTCGGAGGGATGGG-1
1683,TCTTCGGCACCCTATC-1
1684,TCTTCGGGTCGAATCT-1
1685,TCTTCGGTCAGGCCCA-1
1686,TCTTTCCAGATTACCC-1
1687,TCTTTCCCATCGGAAG-1
1688,TCTTTCCCATGGATGG-1
1689,TCTTTCCGTGTTGGGA-1
1690,TGAAAGAAGAATGTTG-1
1691,TGAAAGAAGGATTCGG-1
1692,TGACAACAGCCCTAAT-1
1693,TGACAACCAATCCAAC-1
1694,TGACAACCACCCATGG-1
1695,TGACAACGTTACCAGT-1
1696,TGACGGCAGGTCGGAT-1
1697,TGACGGCCAAAGAATC-1
1698,TGACGGCCAACTGCGC-1
1699,TGACGGCCAAGCGTAG-1
1700,TGACGGCCATTACGAC-1
1701,TGACGGCTCGCTGATA-1
1702,TGACTAGAGAAGGACA-1
1703,TGACTAGAGCCCTAAT-1
1704,TGACTAGCACTCAGGC-1
1705,TGACTAGCATGAGCGA-1
1706,TGACTAGGTAGAGGAA-1
1707,TGACTAGGTCCCTACT-1
1708,TGACTAGTCCATGCTC-1
1709,TGACTTTAGGCAATTA-1
1710,TGACTTTTCCGTACAA-1
1711,TGAGAGGAGACACGAC-1
1712,TGAGAGGCAAATACAG-1
1713,TGAGAGGGTAACGCGA-1
1714,TGAGAGGTCGGCATCG-1
1715,TGAGCATCAGTACACT-1
1716,TGAGCATGTAAGTAGT-1
1717,TGAGCATTCCAAACTG-1
1718,TGAGCCGGTAGCGTGA-1
1719,TGAGCCGGTCAGAAGC-1
1720,TGAGCCGTCCTGCAGG-1
1721,TGAGGGACACCAGGTC-1
1722,TGATTTCCAGACGTAG-1
1723,TGATTTCCAGCCTTTC-1
1724,TGATTTCGTACGAAAT-1
1725,TGCACCTAGACGCAAC-1
1726,TGCACCTAGTTCGCAT-1
1727,TGCACCTGTGATGATA-1
1728,TGCCAAAGTCCGAAGA-1
1729,TGCCAAATCGAACGGA-1
1730,TGCCAAATCGCCGTGA-1
1731,TGCCCATAGACGCACA-1
1732,TGCCCATAGTGTACTC-1
1733,TGCCCATCAGACGTAG-1
1734,TGCCCATGTTAGATGA-1
1735,TGCCCTAGTAAACCTC-1
1736,TGCCCTAGTGAAAGAG-1
1737,TGCCCTATCACCCGAG-1
1738,TGCGCAGAGATCGGGT-1
1739,TGCGCAGAGGTGATAT-1
1740,TGCGCAGAGTGGTCCC-1
1741,TGCGGGTCACATGGGA-1
1742,TGCGTGGCACCGTTGG-1
1743,TGCTACCGTATAGGGC-1
1744,TGCTACCTCGATGAGG-1
1745,TGCTGCTCAGACAAAT-1
1746,TGCTGCTGTATTACCG-1
1747,TGCTGCTGTGTTAAGA-1
1748,TGCTGCTTCATTGCGA-1
1749,TGGACGCCATTGGGCC-1
1750,TGGACGCTCAACCATG-1
1751,TGGCCAGAGTGCAAGC-1
1752,TGGCGCACAAGCCCAC-1
1753,TGGCTGGAGTCAAGGC-1
1754,TGGCTGGAGTCCATAC-1
1755,TGGCTGGCAGTTCCCT-1
1756,TGGCTGGGTAGGACAC-1
1757,TGGCTGGGTTATGTGC-1
1758,TGGCTGGGTTGAGTTC-1
1759,TGGCTGGTCCAAACAC-1
1760,TGGCTGGTCGGATGGA-1
1761,TGGCTGGTCTGAGTGT-1
1762,TGGCTGGTCTGTTGAG-1
1763,TGGGAAGAGACTGGGT-1
1764,TGGGAAGCACCGAAAG-1
1765,TGGGCGTCAATGGATA-1
1766,TGGGCGTCAGCGATCC-1
1767,TGGGCGTCATAAAGGT-1
1768,TGGGCGTCATCCGGGT-1
1769,TGGGCGTCATGCCACG-1
1770,TGGTTAGCAGATCCAT-1
1771,TGGTTAGCATATACGC-1
1772,TGGTTAGGTAATCGTC-1
1773,TGGTTAGGTATCAGTC-1
1774,TGGTTAGGTCCGCTGA-1
1775,TGGTTAGTCGCATGGC-1
1776,TGGTTCCAGCTCCTTC-1
1777,TGGTTCCAGCTGCCCA-1
1778,TGGTTCCGTGTGAAAT-1
1779,TGGTTCCTCATGCAAC-1
1780,TGTATTCAGACCTTTG-1
1781,TGTATTCAGACTGGGT-1
1782,TGTATTCCACGACGAA-1
1783,TGTATTCTCAAACCAC-1
1784,TGTATTCTCAACCATG-1
1785,TGTGGTAAGCCCGAAA-1
1786,TGTGGTAAGTGACTCT-1
1787,TGTGGTACAGGCTGAA-1
1788,TGTGGTAGTAGCGCTC-1
1789,TGTGTTTAGCACCGCT-1
1790,TGTGTTTAGGCATTGG-1
1791,TGTGTTTAGTGGTAGC-1
1792,TGTGTTTTCCCTTGCA-1
1793,TGTTCCGGTAACGCGA-1
1794,TGTTCCGGTTAAAGTG-1
1795,TGTTCCGGTTCATGGT-1
1796,TGTTCCGTCTAACCGA-1
1797,TTAACTCAGAAGGGTA-1
1798,TTAACTCAGAGTAAGG-1
1799,TTAACTCAGCCCTAAT-1
1800,TTAACTCAGGATGCGT-1
1801,TTAACTCCACTTGGAT-1
1802,TTAACTCGTCATGCAT-1
1803,TTAACTCGTGTGGTTT-1
1804,TTAACTCTCGGTTAAC-1
1805,TTAGGACAGAGACTTA-1
1806,TTAGGACCAATACGCT-1
1807,TTAGGCACATCTCCCA-1
1808,TTAGGCAGTAAGAGGA-1
1809,TTAGGCATCTGGCGAC-1
1810,TTAGTTCGTATCTGCA-1
1811,TTAGTTCGTTACCAGT-1
1812,TTAGTTCTCTGATTCT-1
1813,TTATGCTAGTTAACGA-1
1814,TTATGCTCAATCGGTT-1
1815,TTATGCTCATTTCACT-1
1816,TTCCCAGAGCCGTCGT-1
1817,TTCCCAGAGCTGCAAG-1
1818,TTCCCAGAGTGGGCTA-1
1819,TTCCCAGTCATCGGAT-1
1820,TTCCCAGTCTCGCATC-1
1821,TTCCCAGTCTTGGGTA-1
1822,TTCGAAGCACCGATAT-1
1823,TTCGAAGGTAAAGTCA-1
1824,TTCGGTCAGACGCAAC-1
1825,TTCGGTCAGACTCGGA-1
1826,TTCGGTCCAAGGGTCA-1
1827,TTCGGTCCACGTAAGG-1
1828,TTCGGTCGTACCCAAT-1
1829,TTCGGTCGTTGCTCCT-1
1830,TTCGGTCTCCTGTACC-1
1831,TTCGGTCTCGCATGAT-1
1832,TTCTACACACCCAGTG-1
1833,TTCTACACATTACCTT-1
1834,TTCTACAGTCCAGTTA-1
1835,TTCTACAGTTCGGGCT-1
1836,TTCTCAAGTGTGTGCC-1
1837,TTCTCAATCAGGTAAA-1
1838,TTCTCAATCATAACCG-1
1839,TTCTCAATCGCCCTTA-1
1840,TTCTCCTAGCCAGTAG-1
1841,TTCTCCTCAGCCTGTG-1
1842,TTCTCCTGTATTACCG-1
1843,TTCTCCTTCAAGATCC-1
1844,TTCTCCTTCCTCATTA-1
1845,TTCTCCTTCTGCCCTA-1
1846,TTCTCCTTCTGGGCCA-1
1847,TTCTTAGAGGCTAGAC-1
1848,TTCTTAGCACGGTTTA-1
1849,TTCTTAGCAGACAAAT-1
1850,TTCTTAGGTAGCTTGT-1
1851,TTCTTAGGTCAAGCGA-1
1852,TTGACTTTCTCTGAGA-1
1853,TTGACTTTCTGACCTC-1
1854,TTGCCGTCAAGCGTAG-1
1855,TTGCCGTCAGACGCCT-1
1856,TTGCCGTGTCATATCG-1
1857,TTGCCGTTCACCTCGT-1
1858,TTGCCGTTCCGAGCCA-1
1859,TTGCGTCTCACCGGGT-1
1860,TTGCGTCTCCGCGGTA-1
1861,TTGGAACAGCGGCTTC-1
1862,TTGGAACAGTGGGTTG-1
1863,TTGGAACGTCTGGAGA-1
1864,TTGGAACGTGCAGGTA-1
1865,TTGGAACGTTCAGCGC-1
1866,TTGGCAAAGAGCTGCA-1
1867,TTGGCAAAGGCCGAAT-1
1868,TTGGCAACACACGCTG-1
1869,TTGGCAACAGAGCCAA-1
1870,TTGGCAAGTCCAGTGC-1
1871,TTGGCAAGTGAACCTT-1
1872,TTGGCAATCTCTTGAT-1
1873,TTGTAGGAGCTGCAAG-1
1874,TTGTAGGAGGATGGTC-1
1875,TTGTAGGGTACGACCC-1
1876,TTGTAGGGTTGTTTGG-1
1877,TTTACTGCAGCTCGCA-1
1878,TTTACTGGTTAAAGTG-1
1879,TTTACTGTCGGTGTTA-1
1880,TTTATGCAGAGCTATA-1
1881,TTTATGCAGCTCCTTC-1
1882,TTTATGCCACATCTTT-1
1883,TTTATGCGTTTGGCGC-1
1884,TTTATGCTCGTATCAG-1
1885,TTTCCTCAGATGCCTT-1
1886,TTTCCTCAGTCGTACT-1
1887,TTTCCTCCACCCATGG-1
1888,TTTCCTCCAGATGGCA-1
1889,TTTCCTCCATGTCCTC-1
1890,TTTGCGCCACCGATAT-1
1891,TTTGGTTAGATGGCGT-1
1892,TTTGGTTAGCGCCTCA-1
1893,TTTGGTTCACTTGGAT-1
1894,TTTGGTTGTCGTGGCT-1
1895,TTTGGTTGTTCAGTAC-1
1896,TTTGTCAAGATCGGGT-1
1897,TTTGTCACATGCCACG-1
1898,TTTGTCACATTTCACT-1
1899,TTTGTCAGTAAGTTCC-1
1900,TTTGTCAGTCGCGGTT-1
