	barcode	segment	fiveprime	threeprime	count	nonDeletionCounts
825	ACATCAGCAGTTCATG-1	NA_mRNA	139	1188	50	329
1647	AGATTGCGTGCTAGCC-1	NA_mRNA	1171	1217	26	115
1921	AGGGATGTCATCTGTT-1	M_mRNA	370	727	64	244
2190	ATCACGACAGCGTTCG-1	PB2_mRNA	673	2060	27	53
2344	ATCTGCCGTGGTAACG-1	NA_mRNA	485	1086	35	1127
2925	CACAGTATCAAGGTAA-1	PB2_mRNA	645	2023	716	2101
3565	CATGCCTAGACGCAAC-1	NA_mRNA	300	1250	25	210
3622	CATTATCCAGTGAGTG-1	PB2_mRNA	149	2014	63	240
3691	CCACCTAGTAGCGTGA-1	PB2_mRNA	673	2060	58	96
3822	CCATTCGTCTTGTATC-1	NP_mRNA	169	1290	394	1426
4123	CCTCAGTAGGGCTTCC-1	HA_mRNA	290	1324	20	882
4332	CGACTTCCACGGTGTC-1	PB1_mRNA	262	2133	27	953
4637	CGCTGGATCAGGATCT-1	PB2_mRNA	164	2170	49	17
4905	CGTAGGCAGACTTGAA-1	HA_mRNA	1097	1605	58	1711
5195	CTAAGACCATCAGTCA-1	PB2_mRNA	673	2060	280	715
5532	CTCGAGGCAGGACGTA-1	HA_mRNA	384	1447	22	502
5703	CTGATAGCAGATCGGA-1	NA_mRNA	327	1203	295	1518
5893	CTTAGGACAGACAGGT-1	NS_mRNA	157	690	56	1213
5941	CTTCTCTTCGTCGTTC-1	M_mRNA	213	829	1224	1691
6183	GAATAAGGTACAGTGG-1	PB2_mRNA	164	2170	32	32
6237	GACACGCGTTGTGGAG-1	NA_mRNA	327	1203	1246	1648
6462	GACTGCGTCAGTTCGA-1	NA_mRNA	1327	1355	89	180
6805	GCACATAAGCCACGTC-1	PB2_mRNA	164	2170	78	35
7116	GCGCAACAGTAGGTGC-1	HA_mRNA	1438	1498	72	201
7403	GCTTGAAGTAACGACG-1	M_mRNA	204	774	678	2440
7619	GGATGTTGTACCGTAT-1	HA_mRNA	552	1033	36	931
8321	GTCACAAGTGAAAGAG-1	PB2_mRNA	164	2170	283	95
8469	GTCGTAAAGACTCGGA-1	PB2_mRNA	164	2170	26	35
8502	GTCTCGTAGCTACCTA-1	NA_mRNA	98	1238	93	1637
8730	GTGTGCGTCGAGGTAG-1	M_mRNA	212	814	174	1004
8907	GTTTCTAAGATATGCA-1	NA_mRNA	311	1188	79	622
9002	TAAGTGCCATCCCATC-1	NA_mRNA	327	1203	136	590
9810	TCATTACGTCAAGCGA-1	NP_mRNA	452	1383	69	653
9920	TCGCGAGAGAGACTTA-1	PB2_mRNA	164	2170	276	87
9961	TCGCGTTGTCATTAGC-1	NA_mRNA	327	1203	2876	3892
10473	TGAGGGAAGATACACA-1	HA_mRNA	290	1324	33	1824
10569	TGCCAAATCCCTTGCA-1	NS_mRNA	652	683	55	360
11051	TTAGGACTCTGCAGTA-1	PB1_mRNA	2053	2080	31	86
